ID,Gender,AMB,AccountSince,RelationshipSize,AvgMonthlyTxn,DematAccounts,FD_Nos,MF_nos,Equity_mfs,Debt_mfs,Balanced_Funds,ELSS,PMS_accounts,Trading_Accounts,Speciality_funds,Gold_Fund
25,1,297,22,2,14,0,1,1,0,0,0,0,0,0,0,No
46,1,138,56,7,22,2,1,2,0,1,0,1,1,0,0,No
47,1,228,2,1,2,0,0,0,0,0,0,0,0,0,0,No
61,1,190,16,1,16,0,0,0,0,0,0,1,0,0,0,No
79,1,187,14,1,14,1,0,0,0,0,0,0,0,0,0,No
81,1,252,10,1,10,0,0,0,0,0,0,0,0,0,0,No
90,1,240,20,3,6,0,0,1,0,0,0,0,0,0,0,No
100,0,320,18,3,2,0,0,0,0,0,1,0,0,0,0,Yes
112,0,135,14,1,14,1,0,0,0,0,0,0,0,0,0,No
121,1,256,58,9,14,2,0,3,0,1,1,2,1,1,1,No
125,1,226,28,6,14,2,1,2,0,0,1,0,1,0,0,No
145,1,393,50,11,12,3,0,2,0,0,2,3,0,0,0,Yes
169,1,243,10,1,10,0,0,0,0,0,0,0,0,0,0,No
193,1,63,4,1,4,0,0,0,0,0,0,0,0,0,0,No
201,1,57,2,1,2,0,0,0,0,0,0,0,0,0,0,No
202,0,260,74,11,34,0,2,3,5,0,1,0,0,0,0,No
224,1,33,12,1,12,0,0,0,0,0,0,0,0,0,0,No
225,1,172,16,1,16,0,0,0,0,1,0,0,0,0,0,No
256,1,133,36,2,32,1,0,1,0,0,0,0,1,0,0,No
263,0,32,14,1,14,0,0,0,0,0,1,0,0,0,0,No
267,1,242,32,5,10,0,0,2,0,1,1,0,0,0,0,No
275,1,78,10,2,6,0,0,0,0,0,0,0,0,0,0,No
277,1,223,44,7,16,2,1,1,1,0,2,0,1,0,1,No
282,1,285,52,11,14,2,0,3,4,0,1,1,1,0,0,No
330,0,211,44,11,6,3,2,2,0,0,2,1,2,0,1,No
333,1,280,34,2,30,0,1,1,0,0,0,0,1,0,0,No
345,1,234,10,2,4,0,0,0,0,0,0,0,0,0,0,No
354,0,49,32,3,22,0,0,1,1,0,1,0,0,0,0,No
356,0,189,68,9,16,1,0,1,3,1,1,2,0,0,0,No
391,1,143,38,9,14,2,2,1,1,1,2,0,0,0,0,No
397,1,254,12,2,8,0,0,0,0,0,0,0,0,0,0,No
401,1,355,28,5,16,1,0,2,0,1,1,0,0,0,0,No
405,0,43,26,2,24,1,0,0,0,0,1,0,0,0,0,No
411,1,210,20,3,2,0,1,0,0,0,0,1,0,0,0,No
436,0,310,32,5,22,1,1,0,1,0,2,0,0,0,0,No
438,1,378,50,7,10,0,1,1,1,0,2,1,0,0,0,No
439,0,305,40,9,6,2,1,1,1,0,2,1,0,0,0,No
440,1,458,44,12,10,1,0,3,1,1,2,0,2,1,1,Yes
450,1,148,30,3,22,1,0,2,0,0,0,0,0,0,0,No
453,1,154,46,7,10,0,1,0,1,0,1,3,0,0,0,Yes
477,0,123,16,2,12,1,0,0,0,0,0,0,0,0,0,Yes
480,1,118,10,2,8,0,0,0,0,0,0,0,0,0,0,No
484,1,329,36,8,12,0,1,0,0,1,0,1,0,0,0,No
553,1,126,48,8,16,2,1,1,2,0,0,2,1,0,0,No
565,0,294,20,3,10,0,1,0,0,1,0,0,0,0,0,No
567,1,135,60,8,16,3,1,0,1,0,2,1,0,0,2,No
579,0,230,14,2,10,1,0,0,0,0,0,0,0,0,0,No
585,1,307,46,9,24,3,2,0,2,2,0,0,0,0,0,No
592,1,201,8,1,8,0,0,0,0,0,0,0,0,0,0,No
594,1,193,20,2,16,1,0,0,0,0,1,0,0,0,0,No
612,0,277,14,1,14,0,0,1,0,0,0,0,0,0,0,No
619,1,49,14,2,10,0,0,0,1,0,0,0,0,0,0,No
625,1,149,18,3,6,0,0,0,0,1,0,0,0,0,0,No
633,1,294,30,2,24,0,0,1,0,1,0,0,0,0,0,No
644,1,302,20,5,6,0,0,1,0,0,1,0,0,0,0,No
649,1,138,22,1,22,1,0,0,0,0,0,0,0,0,0,No
650,1,195,16,2,12,0,0,0,0,1,0,0,0,0,0,No
658,1,101,22,2,16,0,0,2,0,0,0,0,0,0,0,No
706,1,128,16,2,10,1,0,0,0,0,0,0,0,0,0,No
721,1,292,40,2,32,0,0,0,1,0,1,0,0,0,1,No
723,1,215,36,8,2,0,0,0,0,1,3,2,0,0,0,Yes
743,1,240,20,1,20,1,0,0,0,0,0,0,0,0,0,No
761,1,141,10,1,10,0,0,0,0,0,0,0,0,0,0,No
764,0,253,2,1,2,0,0,0,0,0,0,0,0,0,0,No
775,1,258,36,5,14,0,0,4,0,1,0,0,0,0,0,No
800,1,240,12,1,12,0,0,0,0,0,0,0,0,0,0,No
803,0,187,30,7,10,0,1,1,0,0,1,2,0,0,0,Yes
808,0,271,18,2,10,1,0,0,0,0,0,0,0,0,0,No
844,1,288,22,1,22,0,0,1,0,0,0,0,0,0,0,No
883,1,182,34,10,4,2,2,0,1,0,0,1,0,0,0,No
903,0,64,8,2,6,0,0,0,0,0,0,0,0,0,0,No
910,0,95,2,1,2,0,0,0,0,0,0,0,0,0,0,No
915,1,308,16,1,16,0,0,1,0,0,0,0,0,0,0,No
940,1,224,32,2,28,0,0,0,1,0,1,0,0,0,1,No
950,1,75,14,1,14,0,1,0,0,0,0,0,0,0,0,No
966,1,266,30,6,2,1,1,0,0,0,1,1,0,0,0,No
999,1,419,48,8,14,1,1,4,1,0,0,1,0,0,0,No
1010,1,31,6,1,6,0,0,0,0,0,0,0,0,0,0,No
1012,1,268,18,2,14,1,0,0,0,0,1,0,0,0,0,No
1048,1,189,12,1,12,0,0,0,0,0,0,0,0,0,0,No
1076,0,139,34,2,30,0,0,1,0,1,0,0,0,1,0,No
1087,1,60,34,1,34,0,0,0,0,1,0,0,0,0,0,No
1088,0,98,16,2,12,1,0,0,0,0,0,0,0,0,0,No
1093,1,263,58,8,12,1,1,3,0,0,1,1,0,0,0,No
1101,1,257,2,1,2,0,0,0,0,0,0,0,0,0,0,No
1103,1,205,6,2,4,0,0,0,0,0,0,0,0,0,0,No
1121,1,122,4,1,4,0,0,0,0,0,0,0,0,0,0,No
1123,1,363,28,12,2,0,1,2,1,0,1,1,1,0,0,No
1131,1,302,10,1,10,0,0,0,0,0,0,0,0,0,0,No
1138,1,51,12,2,4,0,0,0,0,0,0,0,0,0,0,No
1149,1,136,6,1,6,0,0,0,0,0,0,0,0,0,0,No
1160,1,64,32,1,32,0,0,0,0,0,0,1,0,0,0,No
1169,1,265,16,1,16,0,0,1,0,0,0,0,0,0,0,No
1172,1,216,20,2,14,1,0,1,0,0,0,0,0,0,0,No
1185,1,283,46,9,14,1,2,3,0,2,0,1,2,1,0,No
1222,1,307,60,5,36,1,0,2,0,0,0,2,1,0,0,No
1230,1,359,48,9,18,1,0,3,2,0,2,1,0,0,0,No
1248,1,246,18,1,18,0,0,0,1,0,0,0,0,0,0,No
1253,0,285,14,2,12,1,0,0,0,0,0,0,0,0,0,No
1261,1,157,26,1,26,1,0,0,0,0,0,0,0,0,0,No
1263,1,120,24,5,8,0,0,0,2,0,0,0,0,0,0,No
1283,1,217,20,2,14,1,0,0,0,1,0,0,0,0,0,No
1300,1,200,30,9,4,2,2,1,0,2,0,0,0,0,0,No
1319,1,309,40,11,4,1,1,2,2,0,0,1,1,0,0,No
1333,1,66,20,2,12,0,0,1,0,0,0,0,0,0,0,No
1353,1,224,4,1,4,0,0,0,0,0,0,0,0,0,0,No
1366,1,143,10,1,10,0,0,0,0,0,0,0,0,0,0,No
1371,1,295,40,2,32,2,0,0,0,0,0,0,0,0,0,No
1394,1,275,62,10,8,1,1,1,2,1,2,0,1,1,2,No
1411,0,201,54,6,34,3,1,0,0,1,0,1,0,0,0,No
1442,1,149,8,1,8,0,0,0,0,0,0,0,0,0,0,No
1455,1,364,54,8,14,2,2,2,0,0,1,1,1,0,0,No
1486,1,229,12,2,8,0,0,0,0,0,0,0,0,0,0,No
1494,1,227,42,9,2,1,0,0,1,0,2,0,0,0,0,No
1496,1,246,6,1,6,0,0,0,0,0,0,0,0,0,0,No
1505,1,43,16,2,10,1,0,0,0,0,0,0,0,0,0,No
1515,1,158,14,2,12,0,1,0,0,0,0,0,0,0,0,No
1518,0,327,24,2,16,0,0,0,1,0,0,1,0,0,0,No
1521,1,164,16,3,2,1,0,0,0,0,0,0,0,0,0,Yes
1526,0,158,56,9,6,1,1,1,1,1,0,3,0,0,0,Yes
1529,0,206,16,2,10,1,0,0,0,0,0,0,0,0,0,No
1530,1,319,10,2,4,0,0,0,0,0,0,0,0,0,0,No
1543,1,295,14,2,6,0,0,1,0,0,0,0,0,0,0,No
1552,1,178,14,1,14,0,1,0,0,0,0,0,0,0,0,No
1610,0,391,48,9,8,1,1,2,1,3,0,0,0,0,0,No
1641,0,88,22,2,18,1,0,0,0,1,0,0,0,0,0,No
1652,1,97,10,2,2,0,0,0,0,0,0,0,0,0,0,No
1671,0,250,36,12,12,1,1,3,2,1,3,0,1,1,1,Yes
1685,1,273,20,2,14,0,0,0,1,0,1,0,0,0,0,No
1705,0,271,14,2,12,0,1,0,0,0,0,0,0,0,0,No
1740,0,24,8,1,8,0,0,0,0,0,0,0,0,0,0,No
1748,1,203,18,1,18,0,0,1,0,0,0,0,0,0,0,No
1766,0,164,24,3,12,0,1,1,0,0,0,0,0,0,0,No
1784,1,32,12,1,12,0,0,0,0,0,0,0,0,0,0,No
1788,1,130,12,1,12,0,0,0,0,0,0,0,0,0,0,Yes
1799,1,90,14,2,10,0,1,0,0,0,0,0,0,0,0,No
1805,1,292,14,1,14,0,1,0,0,0,0,0,0,0,0,No
1813,1,226,2,1,2,0,0,0,0,0,0,0,0,0,0,No
1825,1,432,76,11,12,3,2,2,0,0,1,2,0,0,0,No
1844,1,37,22,2,16,0,0,0,2,0,0,0,0,0,0,No
1845,1,246,40,9,6,1,2,4,0,1,0,0,0,0,0,No
1878,0,238,24,1,24,0,0,0,0,0,1,0,0,0,0,No
1923,0,60,32,4,14,1,1,2,0,0,0,0,1,0,0,No
1941,0,438,76,11,12,4,0,2,4,0,0,0,1,0,0,No
1962,0,61,20,3,10,2,0,0,0,0,0,0,0,0,0,No
1977,1,194,22,2,14,0,0,0,0,0,2,0,0,0,0,No
2020,1,68,16,1,16,0,0,0,0,0,1,0,0,0,0,No
2046,1,88,16,1,16,0,0,0,1,0,0,0,0,0,0,No
2052,1,300,14,1,14,0,0,1,0,0,0,0,0,0,0,No
2068,1,191,6,1,6,0,0,0,0,0,0,0,0,0,0,No
2074,1,146,10,1,10,0,0,0,0,0,0,0,0,0,0,No
2079,0,374,66,11,36,3,1,2,1,2,0,2,0,0,0,No
2081,0,109,20,2,14,0,0,1,0,1,0,0,0,0,0,No
2108,0,282,18,2,14,0,0,0,1,0,1,0,0,0,0,No
2121,1,340,30,6,12,2,1,1,0,0,0,1,0,0,0,No
2171,0,95,12,2,8,0,0,0,0,0,0,0,0,0,0,No
2172,0,34,16,2,10,1,0,0,0,0,0,0,0,0,0,No
2184,1,329,24,3,14,0,0,1,0,0,2,0,0,0,0,No
2185,1,79,16,1,16,0,0,1,0,0,0,0,0,0,0,No
2198,1,96,28,2,26,0,0,0,0,1,0,1,0,0,0,No
2204,1,364,60,8,16,0,1,3,0,0,1,3,0,0,0,No
2226,1,124,22,2,16,2,0,0,0,0,0,0,0,0,0,No
2245,1,318,10,2,8,0,0,0,0,0,0,0,0,0,0,No
2253,1,260,12,1,12,0,0,0,0,0,0,0,0,0,0,No
2268,0,40,22,1,22,0,0,0,1,0,0,0,0,0,0,No
2296,1,384,46,8,10,3,0,1,1,1,1,0,0,0,0,No
2299,1,90,38,5,10,0,0,2,0,0,0,1,1,0,0,No
2324,1,232,10,1,10,0,0,0,0,0,0,0,0,0,0,No
2339,0,329,36,5,16,2,0,1,1,0,1,0,0,0,0,No
2341,0,90,26,3,12,1,0,0,0,1,0,0,0,0,0,No
2376,0,419,50,12,14,2,0,4,1,2,1,2,2,1,1,No
2382,1,305,60,8,16,2,0,0,2,2,0,2,0,0,0,No
2392,0,135,26,4,16,0,0,2,0,1,0,1,0,0,0,No
2431,1,174,22,2,16,0,0,0,0,1,0,1,0,0,0,Yes
2435,1,285,56,9,6,1,1,2,1,0,0,2,1,0,0,No
2475,0,77,8,1,8,0,0,0,0,0,0,0,0,0,0,No
2503,0,90,14,2,10,1,0,0,0,0,0,0,0,0,0,No
2505,1,297,22,7,8,0,2,1,0,0,1,0,0,0,0,No
2506,1,347,28,6,10,2,0,1,1,0,0,0,1,0,0,No
2527,0,415,68,12,16,5,0,0,2,1,1,3,0,0,0,Yes
2532,1,146,18,2,14,0,1,1,0,0,0,0,0,0,0,No
2536,1,142,6,2,4,0,0,0,0,0,0,0,0,0,0,No
2541,1,232,30,2,26,0,0,1,0,1,0,0,0,0,0,No
2591,0,326,38,4,22,2,0,0,1,0,0,1,0,0,0,No
2594,1,131,30,6,8,0,1,1,1,0,0,0,0,0,0,No
2603,0,166,16,1,16,0,0,0,0,0,0,1,0,0,0,No
2641,0,210,34,1,34,0,0,1,0,0,0,0,0,0,0,No
2649,1,143,10,1,10,0,0,0,0,0,0,0,0,0,0,No
2660,0,212,10,1,10,0,0,0,0,0,0,0,0,0,0,No
2668,1,201,32,1,32,1,0,0,0,0,0,0,0,0,0,No
2673,1,110,28,6,10,0,2,1,0,1,0,0,0,0,0,No
2699,1,284,20,5,10,0,1,2,0,1,0,0,0,0,0,No
2727,0,192,12,1,12,0,0,0,0,0,0,0,0,0,0,No
2761,1,199,34,10,4,3,0,2,1,2,1,0,0,0,0,No
2773,1,475,52,12,4,4,0,2,2,1,0,1,0,0,0,No
2828,1,238,28,4,8,1,0,0,0,1,1,0,0,1,1,No
2829,1,305,56,8,14,0,1,4,2,0,0,1,0,0,0,No
2830,0,269,12,1,12,0,0,0,0,0,0,0,0,0,0,No
2847,1,218,30,2,24,1,0,1,0,0,0,0,0,0,0,No
2851,0,155,44,6,30,1,0,3,0,0,0,2,0,0,0,Yes
2901,0,48,10,1,10,0,0,0,0,0,0,0,0,0,0,Yes
2959,1,311,10,1,10,0,0,0,0,0,0,0,0,0,0,No
2974,1,316,30,3,16,0,0,2,0,0,0,1,0,0,0,No
2981,1,230,32,12,2,0,4,2,1,0,0,0,2,0,0,No
2993,0,219,28,6,10,2,0,1,0,0,1,1,1,0,1,Yes
3008,1,127,6,2,4,0,0,0,0,0,0,0,0,0,0,No
3012,1,256,36,4,16,2,0,0,1,0,1,0,0,0,0,No
3024,1,248,44,7,16,1,1,3,0,0,1,1,1,0,0,No
3030,1,293,42,9,18,2,0,1,1,2,1,2,0,0,0,No
3043,1,211,28,1,28,0,0,1,0,0,0,0,0,0,0,No
3048,0,304,22,2,20,0,0,2,0,0,0,0,0,0,0,No
3054,1,177,8,1,8,0,0,0,0,0,0,0,0,0,0,No
3055,0,248,38,8,16,3,0,2,1,0,1,1,0,0,0,Yes
3057,1,86,6,1,6,0,0,0,0,0,0,0,0,0,0,No
3058,1,149,18,2,16,1,0,0,0,0,0,1,0,0,0,No
3067,0,158,34,2,32,0,0,1,1,0,0,0,0,0,0,No
3072,1,422,56,9,18,3,0,5,1,0,0,0,0,0,0,No
3093,0,177,10,1,10,0,0,0,0,0,0,0,0,0,0,No
3099,0,248,52,7,34,4,0,0,1,1,1,0,0,0,0,No
3102,0,24,8,1,8,0,0,0,0,0,0,0,0,0,0,No
3138,1,145,12,2,4,0,0,0,0,0,0,0,0,0,0,No
3153,1,121,26,1,26,1,0,0,0,0,0,0,0,0,0,No
3196,1,221,12,2,10,0,0,0,0,0,0,0,0,0,0,No
3231,1,287,38,9,6,1,1,2,0,0,1,2,0,0,0,No
3233,1,206,24,2,16,0,0,0,0,0,1,1,0,0,0,No
3251,0,173,20,2,14,0,0,0,1,1,0,0,0,0,0,No
3256,1,240,76,11,16,5,1,1,2,1,1,0,0,0,0,No
3309,0,148,16,1,16,0,0,1,0,0,0,0,0,0,0,No
3338,1,189,14,1,14,1,0,0,0,0,0,0,0,0,0,No
3340,1,26,16,1,16,0,0,0,0,1,0,0,0,0,0,No
3369,0,249,40,8,14,1,1,3,0,0,1,2,1,0,0,No
3471,1,329,14,2,12,0,0,1,0,0,0,0,0,0,0,No
3493,1,198,30,2,26,1,0,0,0,0,1,0,0,0,0,No
3517,1,379,60,10,24,2,1,1,1,0,2,3,0,0,1,No
3533,1,253,38,12,6,7,0,1,1,0,0,2,0,0,0,No
3566,1,128,20,2,16,1,0,0,1,0,0,0,0,0,0,No
3569,1,266,32,4,10,0,0,0,0,2,1,0,0,1,1,No
3590,1,106,16,1,16,0,0,1,0,0,0,0,0,0,0,No
3606,1,174,16,2,14,0,0,1,0,1,0,0,0,0,0,No
3609,1,243,4,1,4,0,0,0,0,0,0,0,0,0,0,No
3625,1,288,32,5,16,1,2,1,0,0,1,0,0,0,0,No
3628,1,157,10,2,2,0,0,0,0,0,0,0,0,0,0,No
3640,1,97,18,2,16,0,0,0,0,1,1,0,0,0,0,No
3656,1,168,24,2,16,1,0,1,0,0,0,0,1,0,0,No
3665,1,152,10,2,4,0,0,0,0,0,0,0,0,0,0,No
3669,1,47,10,3,2,0,0,0,0,0,0,0,0,0,0,Yes
3670,1,67,12,1,12,0,0,0,0,0,0,0,0,0,0,No
3673,1,100,14,1,14,0,0,0,0,1,0,0,0,0,0,No
3681,0,354,42,7,26,1,2,2,0,0,0,2,1,0,0,No
3684,1,144,38,8,6,0,0,2,1,1,1,1,1,1,1,No
3693,1,40,16,2,10,0,0,1,0,0,0,0,0,0,0,No
3695,1,65,16,1,16,0,0,0,0,0,0,1,0,0,0,No
3701,1,307,24,2,16,1,1,0,0,0,0,0,0,0,0,No
3708,1,273,16,1,16,1,0,0,0,0,0,0,0,0,0,No
3716,1,235,52,7,12,1,0,3,0,0,2,0,0,0,0,No
3736,1,57,24,2,18,1,0,0,0,0,0,1,0,0,0,No
3739,1,43,4,2,2,0,0,0,0,0,0,0,0,0,0,Yes
3742,1,289,28,6,4,0,0,2,0,0,0,0,1,0,0,Yes
3771,1,217,6,1,6,0,0,0,0,0,0,0,0,0,0,No
3817,1,377,34,12,6,3,1,0,0,0,2,2,0,0,0,Yes
3825,1,28,12,1,12,0,0,0,0,0,0,0,0,0,0,No
3866,0,142,10,1,10,0,0,0,0,0,0,0,0,0,0,No
3873,1,132,30,2,28,0,0,0,1,0,0,1,0,0,0,No
3882,1,223,22,7,4,1,0,2,1,0,1,1,1,0,0,No
3887,1,419,70,11,10,3,0,2,0,2,1,2,0,0,0,No
3915,0,83,18,1,18,1,0,0,0,0,0,0,0,0,0,No
3927,1,366,70,12,10,3,0,2,1,0,1,2,0,0,0,No
3943,1,198,12,2,8,0,0,0,0,0,0,0,0,0,0,No
3945,1,90,16,1,16,0,0,1,0,0,0,0,0,0,0,No
3966,1,122,4,1,4,0,0,0,0,0,0,0,0,0,0,No
3989,1,203,24,2,16,1,0,1,0,0,0,0,1,0,0,No
4003,1,139,8,1,8,0,0,0,0,0,0,0,0,0,0,No
4014,1,284,10,1,10,0,0,0,0,0,0,0,0,0,0,No
4027,1,227,36,6,12,1,0,1,0,1,1,1,0,0,0,No
4049,1,59,8,1,8,0,0,0,0,0,0,0,0,0,0,No
4073,1,76,22,1,22,0,0,0,1,0,0,0,0,0,0,No
4114,0,193,34,5,16,0,0,1,0,2,1,1,0,0,0,No
4117,1,56,16,1,16,0,0,1,0,0,0,0,0,0,0,No
4131,0,195,20,2,16,0,0,1,0,1,0,0,0,0,0,No
4160,1,198,6,1,6,0,0,0,0,0,0,0,0,0,0,No
4173,1,128,24,2,18,0,0,1,0,0,1,0,0,0,0,No
4188,1,350,28,5,14,3,0,0,1,0,0,1,0,0,0,No
4231,1,241,14,2,6,0,0,0,0,1,0,0,0,0,0,No
4248,0,190,10,1,10,0,0,0,0,0,0,0,0,0,0,No
4253,1,77,10,1,10,0,0,0,0,0,0,0,0,0,0,No
4260,1,68,22,2,16,0,0,0,0,1,1,0,0,0,0,No
4294,1,422,38,9,14,1,0,3,1,1,1,2,0,0,0,No
4321,1,96,44,5,22,0,1,3,0,0,1,0,1,0,0,No
4338,0,170,30,2,24,0,0,2,0,0,0,0,1,0,0,No
4345,1,263,42,7,14,1,1,2,0,1,0,1,1,1,0,No
4360,0,254,26,1,26,0,0,1,0,0,0,0,0,0,0,No
4367,0,262,24,5,6,0,0,1,0,0,0,1,0,0,0,No
4378,1,168,36,7,20,0,2,3,0,0,1,1,0,0,0,No
4380,0,37,20,2,16,1,0,0,0,1,0,0,0,0,0,No
4381,0,184,44,6,20,1,2,0,3,0,0,0,0,0,0,No
4382,1,228,16,2,10,1,0,0,0,0,0,0,0,0,0,No
4387,1,195,16,2,12,0,0,1,0,0,0,0,0,0,0,No
4398,1,294,70,12,12,2,3,2,0,1,1,2,1,0,0,Yes
4421,0,248,10,2,6,0,0,0,0,0,0,0,0,0,0,Yes
4443,1,274,22,1,22,0,0,0,0,1,0,0,0,0,0,No
4490,1,372,66,8,20,2,0,3,1,1,0,1,1,1,0,No
4504,1,49,20,2,16,1,0,1,0,0,0,0,0,0,0,No
4508,1,55,12,1,12,0,0,0,0,0,0,0,0,0,0,No
4511,1,117,2,1,2,0,0,0,0,0,0,0,0,0,0,No
4547,1,140,20,2,14,0,1,1,0,0,0,0,0,0,0,No
4549,0,68,26,4,12,0,1,0,2,0,0,0,0,0,0,No
4553,1,102,12,2,4,0,0,0,0,0,0,0,0,0,0,No
4558,1,55,18,2,14,0,0,1,1,0,0,0,0,0,0,No
4564,1,281,58,8,14,2,1,0,2,0,1,2,0,0,0,No
4567,1,293,26,9,2,0,1,0,2,0,1,1,0,0,0,No
4574,1,330,42,5,16,0,0,1,0,0,2,2,0,0,0,Yes
4584,1,357,36,5,8,1,0,3,0,0,0,0,0,0,0,No
4629,1,290,34,1,34,0,0,1,0,0,0,0,0,0,0,No
4653,0,258,60,7,28,0,1,1,1,0,1,3,1,0,1,Yes
4659,0,224,74,12,28,0,2,3,2,1,2,2,0,0,0,No
4683,1,199,16,2,14,0,0,1,0,0,0,0,0,0,0,No
4699,1,131,46,7,18,0,0,3,1,1,0,2,0,0,0,No
4725,0,189,24,2,16,0,0,1,1,0,0,0,0,0,0,No
4740,0,307,12,1,12,0,0,0,0,0,0,0,0,0,0,No
4748,1,187,44,8,2,3,1,2,1,0,0,0,1,0,0,No
4755,0,78,34,2,32,0,0,0,0,0,0,2,0,0,0,No
4773,1,157,14,2,8,0,0,1,0,0,0,0,0,0,0,No
4780,1,421,68,11,6,2,1,1,1,2,1,2,0,0,0,No
4796,1,372,60,11,30,4,1,3,1,1,1,0,1,1,1,No
4820,0,444,38,10,16,3,2,3,0,1,0,1,0,0,0,No
4840,1,285,16,2,14,0,0,0,1,1,0,0,0,0,0,No
4859,1,244,10,2,8,0,0,0,0,0,0,0,0,0,0,No
4866,1,216,22,1,22,0,0,0,0,0,1,0,0,0,0,No
4873,1,202,48,9,4,2,0,1,2,0,1,2,0,0,0,No
4907,1,56,12,2,6,0,0,0,0,0,0,0,0,0,0,No
4910,1,291,18,2,10,1,0,0,0,0,0,0,0,0,0,No
4919,1,262,78,11,12,0,0,4,1,1,2,2,0,0,0,No
4940,1,200,10,1,10,0,0,0,0,0,0,0,0,0,0,No
4983,1,263,80,12,20,4,1,3,2,0,2,0,0,0,0,No
4986,1,222,24,3,14,0,2,1,0,0,0,0,1,0,0,No
5010,1,157,8,1,8,0,0,0,0,0,0,0,0,0,0,No
5015,1,362,62,11,14,2,0,5,3,0,1,0,0,0,0,No
5025,1,357,56,10,18,4,1,0,1,1,0,3,0,0,0,No
5035,1,150,28,5,6,0,0,2,1,0,0,0,0,0,0,Yes
5041,0,218,6,1,6,0,0,0,0,0,0,0,0,0,0,No
5049,1,217,12,1,12,0,0,0,0,0,0,0,0,0,0,No
5076,1,281,92,11,36,3,0,2,1,1,1,3,0,0,0,No
5090,1,392,60,12,8,1,2,2,0,1,0,3,1,1,0,No
5100,1,188,48,5,22,1,0,1,1,1,0,1,0,0,0,No
5112,1,338,40,5,26,0,0,2,0,1,1,1,1,1,1,No
5115,1,394,48,8,14,3,1,1,0,1,1,1,0,0,0,No
5119,1,47,12,2,10,0,0,0,0,0,0,0,0,0,0,No
5148,1,199,30,4,16,2,1,0,0,0,0,1,0,0,0,No
5167,1,37,20,2,14,0,0,1,1,0,0,0,0,0,0,No
5203,0,108,28,2,26,0,0,1,1,0,0,0,0,0,0,No
5233,1,351,50,4,36,1,1,0,0,0,2,0,0,0,0,No
5235,0,400,52,11,6,1,0,3,2,0,3,0,0,0,0,Yes
5243,1,287,18,2,12,0,1,0,0,0,0,0,0,0,0,No
5250,1,131,28,4,14,0,0,3,1,0,0,0,0,0,0,No
5257,1,305,24,9,6,0,0,4,0,1,1,2,0,0,0,No
5300,0,354,30,9,6,2,1,1,1,0,1,0,1,0,1,No
5345,1,240,16,2,12,0,0,1,0,0,0,0,0,0,0,No
5350,1,245,34,4,18,0,0,0,0,0,1,3,0,0,0,Yes
5376,0,190,8,1,8,0,0,0,0,0,0,0,0,0,0,No
5383,0,175,20,2,16,1,0,0,1,0,0,0,0,0,0,No
5385,1,227,10,1,10,0,0,0,0,0,0,0,0,0,0,No
5424,1,278,26,1,26,0,1,0,0,0,0,0,0,0,0,No
5442,1,228,36,9,14,0,1,4,1,0,1,2,1,0,0,No
5445,0,133,24,4,2,0,0,0,0,0,1,0,0,0,0,No
5448,0,398,50,11,10,3,0,2,1,2,1,0,0,0,0,No
5452,1,203,18,1,18,0,0,0,0,0,1,0,0,0,0,No
5454,1,128,24,2,20,1,0,1,0,0,0,0,0,0,0,No
5485,0,66,16,2,10,0,0,1,0,0,0,0,0,0,0,No
5504,1,104,28,1,28,0,0,0,1,0,0,0,0,0,0,No
5536,0,178,26,2,18,1,0,1,0,0,0,0,0,0,0,No
5543,1,164,38,7,4,1,0,1,0,1,1,0,0,0,0,No
5560,1,236,44,12,8,1,1,2,0,3,2,0,0,0,0,Yes
5570,1,93,28,3,14,1,0,0,0,1,1,0,0,0,0,No
5610,1,297,94,12,34,1,0,7,1,2,1,0,0,0,0,No
5614,0,145,12,1,12,0,0,0,0,0,0,0,0,0,0,No
5648,1,159,22,3,10,1,0,0,0,0,0,0,0,0,0,No
5654,1,276,32,2,24,0,0,0,2,0,0,0,0,0,0,No
5669,1,175,36,1,36,0,0,0,0,0,0,1,0,0,0,No
5670,0,173,44,8,16,3,1,1,1,1,1,0,0,0,0,No
5672,1,67,14,1,14,0,0,1,0,0,0,0,0,0,0,No
5711,1,73,6,1,6,0,0,0,0,0,0,0,0,0,0,No
5713,1,19,16,1,16,1,0,0,0,0,0,0,0,0,0,No
5715,1,341,12,3,2,0,0,0,0,0,0,0,0,0,0,No
5729,1,285,40,9,4,1,0,2,0,0,1,0,0,0,0,No
5747,1,259,18,2,14,0,0,1,0,0,0,0,0,0,0,No
5755,0,130,24,2,22,1,1,0,0,0,0,0,0,0,0,Yes
5760,1,166,12,1,12,0,0,0,0,0,0,0,0,0,0,No
5765,1,148,22,5,4,0,0,0,0,2,0,0,0,0,0,Yes
5772,1,200,26,1,26,1,0,0,0,0,0,0,0,0,0,No
5777,1,137,20,2,18,1,0,0,0,0,0,1,0,0,0,No
5778,1,117,34,1,34,0,0,1,0,0,0,0,0,0,0,No
5795,0,54,20,1,20,0,0,0,0,1,0,0,0,0,0,No
5800,1,185,12,2,6,0,0,0,0,0,0,0,0,0,0,No
5845,1,238,36,3,24,0,0,0,2,0,0,1,0,0,0,No
5856,0,295,34,2,30,0,0,0,0,2,0,0,0,0,0,No
5885,1,254,32,1,32,1,0,0,0,0,0,0,0,0,0,No
5906,1,277,22,3,10,1,0,1,0,0,0,0,0,0,0,No
5911,0,215,16,1,16,0,0,1,0,0,0,0,0,0,0,No
5915,1,303,22,2,16,0,0,1,0,0,1,0,0,0,0,No
5924,1,191,24,2,22,0,0,1,1,0,0,0,0,0,0,No
5957,1,296,14,1,14,0,0,1,0,0,0,0,0,0,0,No
6003,1,132,2,1,2,0,0,0,0,0,0,0,0,0,0,No
6013,1,143,14,1,14,0,0,0,0,0,0,0,0,0,0,Yes
6018,1,294,16,1,16,0,0,0,1,0,0,0,0,0,0,No
6037,0,422,82,12,26,2,2,3,0,1,1,3,2,0,0,No
6058,1,139,10,1,10,0,0,0,0,0,0,0,0,0,0,No
6093,1,184,6,1,6,0,0,0,0,0,0,0,0,0,0,No
6096,1,245,14,1,14,0,0,1,0,0,0,0,0,0,0,No
6101,1,292,28,5,4,1,0,2,0,0,0,1,1,0,0,No
6102,1,158,44,7,16,0,2,1,2,0,0,2,1,0,0,No
6113,0,284,8,2,4,0,0,0,0,0,0,0,0,0,0,No
6114,1,216,8,2,2,0,0,0,0,0,0,0,0,0,0,No
6118,0,202,18,2,16,0,0,2,0,0,0,0,0,0,0,No
6123,1,251,16,1,16,1,0,0,0,0,0,0,0,0,0,No
6134,1,206,28,4,14,0,0,2,0,1,1,0,0,0,0,Yes
6168,1,327,66,10,12,2,1,3,1,0,0,2,0,0,0,No
6196,1,49,26,3,12,0,1,1,0,0,0,0,0,0,0,No
6208,1,384,70,11,14,1,3,0,1,1,4,1,0,0,0,Yes
6223,0,411,76,8,28,1,0,3,1,1,1,1,0,0,0,No
6235,1,76,6,1,6,0,0,0,0,0,0,0,0,0,0,No
6243,1,219,2,1,2,0,0,0,0,0,0,0,0,0,0,No
6246,1,367,44,8,20,2,0,2,1,1,0,2,0,0,0,No
6256,0,49,22,3,16,1,0,0,1,0,1,0,0,0,0,No
6257,0,330,14,4,4,0,1,0,0,0,0,0,0,0,0,No
6286,1,98,2,1,2,0,0,0,0,0,0,0,0,0,0,No
6289,0,358,50,10,6,1,2,0,1,1,1,0,0,1,1,No
6291,1,325,18,2,12,1,0,0,0,0,0,0,0,0,0,No
6292,1,243,14,1,14,0,0,0,0,0,0,0,0,0,0,No
6299,0,276,40,4,22,1,0,3,0,0,0,0,0,0,0,No
6304,1,91,28,6,2,0,0,0,0,1,0,1,0,0,0,No
6307,1,211,70,8,34,1,0,3,1,2,1,0,0,0,0,No
6317,1,234,40,8,8,0,2,0,0,0,3,2,0,0,0,Yes
6325,1,323,18,2,12,0,0,1,0,0,0,0,0,0,0,No
6348,1,128,14,1,14,0,0,0,0,0,1,0,0,0,0,No
6381,0,98,4,1,4,0,0,0,0,0,0,0,0,0,0,No
6396,1,190,10,1,10,0,0,0,0,0,0,0,0,0,0,No
6397,1,298,24,6,12,0,1,1,0,1,2,0,0,0,0,No
6399,1,219,52,12,14,5,0,2,2,1,1,1,0,0,0,No
6402,1,49,34,1,34,0,0,1,0,0,0,0,0,0,0,No
6428,1,225,34,1,34,0,0,1,0,0,0,0,0,0,0,No
6521,1,100,10,1,10,0,0,0,0,0,0,0,0,0,0,No
6540,1,230,14,1,14,1,0,0,0,0,0,0,0,0,0,No
6549,1,148,16,1,16,0,0,0,0,0,1,0,0,0,0,No
6551,1,396,44,9,12,1,1,2,0,0,1,2,0,0,0,Yes
6553,0,282,66,12,10,1,1,2,1,1,2,3,0,0,0,Yes
6564,1,235,36,11,12,3,2,2,2,0,0,1,0,0,0,No
6586,1,206,12,1,12,0,0,0,0,0,0,0,0,0,0,No
6589,0,58,4,1,4,0,0,0,0,0,0,0,0,0,0,No
6596,1,325,18,2,16,0,0,2,0,0,0,0,1,0,0,No
6597,1,109,6,1,6,0,0,0,0,0,0,0,0,0,0,No
6605,1,191,24,4,16,0,0,2,2,0,0,0,0,0,0,No
6609,0,127,12,1,12,0,0,0,0,0,0,0,0,0,0,No
6628,0,162,12,1,12,0,0,0,0,0,0,0,0,0,0,No
6635,0,260,2,1,2,0,0,0,0,0,0,0,0,0,0,No
6640,1,264,4,1,4,0,0,0,0,0,0,0,0,0,0,No
6642,1,310,6,1,6,0,0,0,0,0,0,0,0,0,0,No
6643,1,225,52,10,2,5,1,2,0,0,0,0,0,0,0,No
6650,1,95,6,1,6,0,0,0,0,0,0,0,0,0,0,No
6680,0,210,60,10,14,4,1,3,2,0,0,0,1,0,0,No
6698,1,320,8,2,4,0,0,0,0,0,0,0,0,0,0,No
6700,1,342,22,4,8,1,0,1,1,0,0,0,1,0,0,No
6701,1,195,6,2,2,0,0,0,0,0,0,0,0,0,0,No
6721,1,282,32,5,10,1,0,1,1,0,0,1,0,0,0,No
6724,1,314,42,7,10,0,0,3,0,2,0,1,0,0,0,No
6725,1,118,16,1,16,0,0,0,0,0,0,1,0,0,0,No
6726,0,451,68,11,6,2,2,2,0,2,0,0,1,1,0,No
6727,1,242,20,2,14,0,0,1,0,0,0,0,0,0,0,No
6731,1,143,54,7,14,1,0,2,1,0,3,0,1,0,0,No
6748,0,271,10,1,10,0,0,0,0,0,0,0,0,0,0,Yes
6764,0,196,12,1,12,0,0,0,0,0,0,0,0,0,0,No
6766,0,278,2,1,2,0,0,0,0,0,0,0,0,0,0,No
6778,1,235,40,8,12,2,0,1,0,2,2,0,0,1,1,No
6794,1,192,12,1,12,0,0,0,0,0,0,0,0,0,0,No
6814,0,190,18,1,18,0,0,0,1,0,0,0,0,0,0,No
6856,0,75,38,4,14,2,0,1,0,0,1,0,0,0,0,No
6890,1,219,12,1,12,0,0,0,0,0,0,0,0,0,0,No
6910,0,206,36,2,32,0,0,1,0,0,1,0,0,0,0,No
6911,1,59,16,1,16,0,0,0,1,0,0,0,0,0,0,Yes
6916,1,271,28,4,10,1,1,0,0,0,0,1,0,0,0,No
6917,1,303,34,9,10,2,1,1,2,0,0,2,1,0,0,No
6922,1,143,4,1,4,0,0,0,0,0,0,0,0,0,0,No
6940,1,65,14,2,12,1,0,0,0,0,0,0,0,0,0,No
6966,1,334,38,11,4,1,0,0,0,0,0,2,0,0,0,No
6971,1,334,46,10,4,1,2,2,1,1,1,0,0,0,0,No
6977,1,214,36,7,16,2,1,1,0,1,1,1,0,0,0,No
6987,1,202,16,2,12,0,0,1,0,0,0,0,0,0,0,No
6990,1,49,2,1,2,0,0,0,0,0,0,0,0,0,0,No
7009,1,179,10,1,10,0,0,0,0,0,0,0,0,0,0,No
7010,1,250,30,3,14,0,1,0,0,1,1,0,0,0,0,No
7027,1,116,18,2,10,1,0,0,0,0,0,0,0,0,0,No
7038,1,154,14,1,14,1,0,0,0,0,0,0,0,0,0,No
7044,0,160,40,8,12,1,1,3,0,0,1,1,0,0,0,No
7059,1,110,20,3,6,0,0,1,0,0,0,0,0,0,0,No
7076,1,271,46,6,30,0,1,2,1,1,0,1,0,0,0,No
7079,1,345,84,11,20,1,0,1,0,2,3,4,0,0,0,Yes
7105,1,59,22,1,22,0,0,0,0,0,0,1,0,0,0,No
7107,1,202,32,11,8,1,0,1,1,0,1,3,0,0,0,Yes
7122,0,364,24,5,10,1,0,1,0,0,0,1,0,0,0,Yes
7150,1,301,12,1,12,0,0,0,0,0,0,0,0,0,0,No
7157,1,68,14,1,14,1,0,0,0,0,0,0,0,0,0,No
7164,0,254,24,1,24,0,1,0,0,0,0,0,0,0,0,No
7189,1,145,4,1,4,0,0,0,0,0,0,0,0,0,0,No
7201,1,248,36,1,36,0,1,0,0,0,0,0,0,0,0,No
7207,0,140,28,2,22,0,0,1,0,1,0,0,0,0,0,No
7211,1,336,24,10,2,2,0,0,0,0,1,3,0,0,0,Yes
7225,1,121,16,2,10,1,0,0,0,0,0,0,0,0,0,No
7236,1,97,34,2,28,1,0,0,1,0,0,0,0,0,0,No
7265,1,431,60,10,8,2,1,3,0,0,0,1,0,0,0,No
7299,1,115,14,1,14,0,1,0,0,0,0,0,0,0,0,No
7301,1,186,36,10,2,1,1,2,0,1,2,1,0,0,0,No
7329,0,292,22,2,16,0,0,2,0,0,0,0,0,0,0,No
7375,1,330,76,8,34,2,1,2,0,0,2,1,0,0,0,No
7378,0,292,22,2,14,0,1,0,1,0,0,0,0,0,0,No
7393,0,176,18,2,10,1,0,0,0,0,0,0,0,0,0,No
7408,1,264,2,1,2,0,0,0,0,0,0,0,0,0,0,No
7437,1,239,14,2,12,0,1,0,0,0,0,0,0,0,0,No
7441,1,29,10,1,10,0,0,0,0,0,0,0,0,0,0,No
7448,0,294,28,4,12,0,0,2,0,0,0,1,0,0,0,No
7462,1,208,58,10,10,2,1,2,1,0,1,2,0,0,0,No
7474,1,332,36,11,4,0,0,1,2,1,1,2,0,0,0,No
7493,0,244,58,10,14,1,2,6,0,0,0,1,0,0,0,No
7499,1,19,6,1,6,0,0,0,0,0,0,0,0,0,0,No
7533,1,276,50,10,22,0,1,3,0,2,2,2,0,0,0,No
7545,1,17,16,1,16,0,0,1,0,0,0,0,0,0,0,No
7556,0,26,14,1,14,0,0,1,0,0,0,0,0,0,0,No
7583,1,77,14,2,10,1,0,0,0,0,0,0,0,0,0,No
7586,1,100,4,1,4,0,0,0,0,0,0,0,0,0,0,No
7588,1,300,18,3,10,1,0,0,0,0,0,1,0,0,0,No
7615,1,302,72,11,12,1,1,2,3,1,1,1,1,0,0,No
7635,1,284,2,1,2,0,0,0,0,0,0,0,0,0,0,No
7653,1,60,40,2,32,0,0,0,0,1,0,1,0,0,0,No
7661,0,171,8,2,2,0,0,0,0,0,0,0,0,0,0,No
7679,0,229,22,2,16,0,0,0,0,1,1,0,0,0,0,Yes
7680,0,280,24,1,24,0,1,0,0,0,0,0,0,0,0,No
7707,1,292,12,1,12,0,0,0,0,0,0,0,0,0,0,No
7713,1,129,20,2,14,0,2,0,0,0,0,0,0,0,0,No
7733,1,158,8,2,2,0,0,0,0,0,0,0,0,0,0,No
7739,0,173,22,3,6,0,0,0,1,0,0,1,0,0,0,No
7740,1,259,8,2,4,0,0,0,0,0,0,0,0,0,0,No
7745,1,41,20,2,18,0,1,0,0,0,1,0,0,0,0,No
7746,1,84,12,2,6,0,0,0,0,0,0,0,0,0,0,No
7760,1,279,12,1,12,0,0,0,0,0,0,0,0,0,0,No
7761,1,368,42,9,6,1,2,1,0,1,0,1,0,0,0,Yes
7766,1,242,42,3,34,2,0,0,0,0,0,1,0,0,0,No
7776,1,400,62,12,2,2,1,2,0,1,1,4,0,0,0,No
7780,0,400,32,7,10,0,0,1,1,0,1,3,1,0,1,Yes
7806,1,214,20,3,6,0,0,1,0,0,0,0,0,0,0,No
7817,1,66,6,2,2,0,0,0,0,0,0,0,0,0,0,No
7821,1,70,22,4,8,1,0,0,2,0,0,0,0,0,0,No
7824,0,138,36,2,34,1,0,0,0,1,0,0,0,0,0,No
7857,1,246,44,9,12,1,1,2,1,0,1,2,1,0,1,Yes
7874,1,69,22,1,22,1,0,0,0,0,0,0,0,0,0,No
7884,0,414,24,9,2,1,0,0,0,1,1,1,0,0,0,Yes
7899,1,67,14,1,14,0,0,0,0,0,1,0,0,0,0,No
7921,1,190,42,6,6,0,1,0,0,0,0,1,0,0,0,No
7940,0,425,64,10,12,1,0,3,1,2,1,1,2,1,1,No
7958,0,271,34,6,2,1,0,1,1,1,0,0,0,0,0,No
7960,1,128,30,1,30,1,0,0,0,0,0,0,0,0,0,No
7971,1,182,42,5,16,2,0,0,0,1,1,1,0,0,0,No
7973,1,299,38,7,12,1,2,1,0,1,0,0,0,0,0,No
7981,1,277,68,11,14,1,1,1,1,2,0,4,0,0,0,No
8001,1,167,24,3,14,0,1,1,0,1,0,0,1,0,0,No
8005,1,231,14,2,12,0,0,1,0,0,0,0,0,0,0,No
8008,0,322,36,3,24,0,0,1,0,0,0,2,0,0,0,No
8019,1,136,12,2,10,0,0,0,0,0,0,0,0,0,0,Yes
8022,1,197,2,1,2,0,0,0,0,0,0,0,0,0,0,No
8026,1,252,60,5,32,2,1,0,0,0,0,2,0,0,0,No
8048,1,120,20,3,2,1,0,0,0,0,0,0,0,0,0,No
8060,0,230,14,1,14,0,0,1,0,0,0,0,0,0,0,No
8076,1,36,14,2,8,0,0,1,0,0,0,0,0,0,0,No
8090,0,180,12,2,8,0,0,0,0,0,0,0,0,0,0,No
8095,0,223,44,4,22,1,0,1,1,1,0,0,1,1,0,No
8097,1,251,82,12,16,3,0,3,3,1,0,2,0,0,0,No
8123,1,226,28,1,28,0,0,1,0,0,0,0,0,0,0,No
8142,1,158,38,5,14,1,0,1,1,0,2,0,1,0,1,No
8152,0,107,30,1,30,0,0,1,0,0,0,0,0,0,0,No
8177,0,209,8,2,4,0,0,0,0,0,0,0,0,0,0,No
8199,1,226,8,2,4,0,0,0,0,0,0,0,0,0,0,Yes
8201,1,37,8,2,6,0,0,0,0,0,0,0,0,0,0,No
8242,0,178,38,7,14,0,1,2,2,0,0,2,0,0,0,No
8245,0,303,16,2,10,1,0,0,0,0,0,0,0,0,0,No
8251,1,135,34,2,32,1,0,0,0,0,0,1,0,0,0,No
8254,0,238,12,2,8,0,0,0,0,0,0,0,0,0,0,No
8290,0,131,14,1,14,0,0,0,0,1,0,0,0,0,0,No
8294,1,303,20,2,12,1,0,0,0,0,0,0,0,0,0,No
8324,1,382,30,11,2,2,0,3,1,0,0,1,1,0,0,No
8339,0,301,6,2,4,0,0,0,0,0,0,0,0,0,0,No
8345,1,67,14,1,14,0,0,1,0,0,0,0,0,0,0,No
8356,1,284,50,9,6,2,1,3,0,0,0,1,1,0,0,No
8361,1,200,10,1,10,0,0,0,0,0,0,0,0,0,0,No
8363,1,344,60,9,14,2,3,3,0,0,0,1,0,0,0,No
8389,1,126,18,4,2,1,0,0,0,0,0,0,0,0,0,No
8399,1,182,6,1,6,0,0,0,0,0,0,0,0,0,0,No
8404,0,282,16,1,16,0,0,0,1,0,0,0,0,0,0,Yes
8413,1,140,8,1,8,0,0,0,0,0,0,0,0,0,0,No
8418,1,366,56,6,34,1,1,2,0,0,0,2,1,0,0,No
8438,0,344,22,3,12,0,0,2,0,0,0,0,1,0,0,No
8476,1,87,10,2,8,0,0,0,0,0,0,0,0,0,0,No
8486,1,258,12,1,12,0,0,0,0,0,0,0,0,0,0,No
8524,1,355,30,8,14,2,0,4,0,1,1,0,0,0,0,No
8528,0,455,66,11,12,2,0,3,4,0,0,1,1,0,0,No
8541,1,153,46,7,12,0,0,1,1,3,0,1,0,0,0,No
8544,1,246,10,1,10,0,0,0,0,0,0,0,0,0,0,No
8554,0,257,10,1,10,0,0,0,0,0,0,0,0,0,0,No
8556,1,190,12,1,12,0,0,0,0,0,0,0,0,0,0,No
8590,1,100,22,2,14,1,0,0,0,0,0,0,0,0,0,No
8599,0,322,34,7,6,1,0,2,0,1,0,2,0,0,0,No
8606,1,169,12,1,12,0,0,0,0,0,0,0,0,0,0,No
8673,1,183,62,11,12,3,2,3,1,0,0,1,0,0,0,No
8676,1,67,30,1,30,0,0,0,0,0,0,1,0,0,0,No
8720,0,348,22,4,6,2,0,0,0,1,0,0,0,0,0,No
8723,1,82,32,1,32,0,0,0,0,0,1,0,0,0,0,No
8730,1,201,4,2,2,0,0,0,0,0,0,0,0,0,0,No
8738,1,128,6,2,2,0,0,0,0,0,0,0,0,0,0,No
8774,1,192,36,4,18,0,0,3,0,1,0,0,0,0,0,No
8784,0,30,14,2,12,0,1,0,0,0,0,0,0,0,0,No
8818,0,326,18,4,2,0,1,0,0,0,0,0,0,0,0,No
8843,1,116,28,6,2,0,1,1,1,0,1,0,0,0,0,No
8900,1,341,44,7,12,1,1,2,1,1,0,0,1,0,0,No
8903,1,280,10,1,10,0,0,0,0,0,0,0,0,0,0,No
8907,1,294,10,2,6,0,0,0,0,0,0,0,0,0,0,No
8953,0,72,8,1,8,0,0,0,0,0,0,0,0,0,0,No
8955,0,35,12,2,10,0,0,0,0,0,0,0,0,0,0,No
8956,0,82,8,1,8,0,0,0,0,0,0,0,0,0,0,No
9013,0,104,16,2,14,0,0,2,0,0,0,0,0,0,0,No
9019,1,364,50,6,32,1,0,1,0,0,3,1,0,0,0,No
9021,0,91,16,1,16,1,0,0,0,0,0,0,0,0,0,No
9055,1,400,38,7,14,1,0,0,1,1,1,2,0,0,0,No
9085,1,100,42,5,14,2,0,2,0,1,0,0,1,1,0,No
9088,1,393,26,7,2,1,0,0,0,0,2,0,0,0,0,No
9103,1,349,30,5,14,0,0,2,1,0,0,1,1,0,0,No
9132,1,183,18,3,6,0,0,0,0,0,1,0,0,0,0,Yes
9153,1,199,18,2,12,0,0,0,1,0,0,0,0,0,0,No
9172,1,260,16,2,14,1,0,1,0,0,0,0,0,0,0,No
9208,1,350,38,5,20,1,1,1,2,0,0,0,1,0,0,No
9212,1,302,16,1,16,1,0,0,0,0,0,0,0,0,0,No
9219,1,67,14,4,4,0,0,1,0,0,0,0,0,0,0,No
9230,0,219,40,5,14,2,1,1,0,0,0,1,0,0,0,No
9234,1,221,8,1,8,0,0,0,0,0,0,0,0,0,0,No
9246,0,64,16,2,10,0,0,0,0,0,1,0,0,0,0,Yes
9260,1,163,10,1,10,0,0,0,0,0,0,0,0,0,0,No
9264,0,341,34,5,14,0,2,2,1,0,0,0,1,0,0,No
9283,1,227,30,2,24,1,0,1,0,0,0,0,0,0,0,No
9299,1,192,8,1,8,0,0,0,0,0,0,0,0,0,0,No
9304,1,317,6,2,2,0,0,0,0,0,0,0,0,0,0,No
9326,0,227,10,1,10,0,0,0,0,0,0,0,0,0,0,No
9363,1,133,22,3,16,1,1,0,0,0,0,1,0,0,0,No
9370,1,75,16,2,10,1,0,0,0,0,0,0,0,0,0,No
9380,0,193,28,6,10,0,1,1,0,2,1,0,0,0,0,No
9423,1,193,20,6,8,0,1,2,1,0,0,0,0,0,0,No
9440,0,135,8,1,8,0,0,0,0,0,0,0,0,0,0,No
9503,1,136,46,6,14,1,1,1,0,0,2,1,1,0,1,No
9507,1,116,8,2,4,0,0,0,0,0,0,0,0,0,0,No
9536,0,63,20,1,20,0,0,0,1,0,0,0,0,0,0,No
9548,1,183,16,2,12,0,1,0,0,0,0,0,0,0,0,No
9551,1,228,46,9,16,3,2,3,0,0,1,0,1,0,0,No
9564,0,167,16,2,12,0,0,0,1,0,0,0,0,0,0,No
9565,1,258,10,2,6,0,0,0,0,0,0,0,0,0,0,No
9586,0,258,20,1,20,0,0,0,0,0,0,1,0,0,0,No
9590,1,189,18,2,12,1,0,0,0,0,0,0,0,0,0,No
9611,1,454,64,11,30,3,1,2,0,0,2,3,1,0,1,No
9633,1,217,28,4,14,1,1,1,0,0,1,0,0,0,0,No
9634,0,215,14,1,14,0,0,1,0,0,0,0,0,0,0,No
9639,1,139,10,1,10,0,0,0,0,0,0,0,0,0,0,No
9650,1,50,12,2,8,0,0,0,0,0,0,0,0,0,0,No
9657,1,26,8,1,8,0,0,0,0,0,0,0,0,0,0,No
9687,1,304,16,1,16,0,0,0,1,0,0,0,0,0,0,No
9688,1,293,16,1,16,0,0,0,0,0,1,0,0,0,0,No
9709,0,190,20,2,16,0,0,1,0,1,0,0,0,0,0,No
9712,1,63,4,2,2,0,0,0,0,0,0,0,0,0,0,No
9713,0,129,22,2,14,0,0,0,0,1,1,0,0,0,0,No
9727,1,421,50,12,14,1,1,1,1,3,2,2,0,0,0,No
9736,0,199,34,2,32,0,2,0,0,0,0,0,0,0,0,No
9739,1,185,42,5,14,0,1,2,0,0,0,1,1,0,0,No
9764,1,143,14,2,8,0,1,0,0,0,0,0,0,0,0,No
9771,1,174,24,2,20,1,0,0,0,1,0,0,0,0,0,No
9781,1,169,42,4,28,1,0,2,1,0,0,0,0,0,0,No
9810,0,131,12,1,12,0,0,0,0,0,0,0,0,0,0,No
9814,0,102,6,1,6,0,0,0,0,0,0,0,0,0,0,Yes
9817,1,85,32,2,24,0,0,1,0,0,0,1,0,0,0,No
9828,0,290,10,2,8,0,0,0,0,0,0,0,0,0,0,No
9832,1,127,4,2,2,0,0,0,0,0,0,0,0,0,0,No
9834,1,153,36,10,16,2,0,4,0,2,1,1,0,0,0,No
9835,1,64,6,2,2,0,0,0,0,0,0,0,0,0,0,No
9836,1,240,8,1,8,0,0,0,0,0,0,0,0,0,0,No
9850,1,226,44,10,12,1,1,3,1,0,1,2,1,0,1,No
9888,1,108,4,2,2,0,0,0,0,0,0,0,0,0,0,No
9894,0,224,16,2,12,1,0,0,0,0,0,0,0,0,0,No
9923,1,269,24,1,24,1,0,0,0,0,0,0,0,0,0,No
9934,1,88,10,1,10,0,0,0,0,0,0,0,0,0,0,No
9961,1,316,14,2,10,0,0,1,0,0,0,0,0,0,0,No
9969,1,76,12,2,6,0,0,0,0,0,0,0,0,0,0,No
9985,1,331,30,8,14,2,0,2,2,2,0,0,1,1,0,No
10012,1,80,24,2,18,1,0,1,0,0,0,0,0,0,0,No
10037,1,200,10,2,4,0,0,0,0,0,0,0,0,0,0,No
10047,1,458,48,11,6,3,0,1,1,1,2,0,1,0,1,No
10056,0,312,20,2,14,1,0,0,0,0,0,0,0,0,0,Yes
10064,1,79,34,2,30,0,0,1,0,0,0,1,0,0,0,No
10093,1,461,66,11,10,3,0,2,2,0,1,1,0,0,0,No
10131,0,247,22,3,14,1,0,1,0,0,1,0,0,0,0,No
10165,1,312,12,1,12,0,0,0,0,0,0,0,0,0,0,No
10207,1,276,64,7,32,1,0,5,0,1,0,0,1,0,0,No
10212,1,39,12,1,12,0,0,0,0,0,0,0,0,0,0,No
10228,1,257,22,3,14,2,1,0,0,0,0,0,0,0,0,No
10232,1,325,18,2,16,0,0,0,0,0,1,1,0,0,0,No
10240,1,216,16,2,8,1,0,0,0,0,0,0,0,0,0,No
10248,0,193,12,1,12,0,0,0,0,0,0,0,0,0,0,No
10254,0,275,24,1,24,1,0,0,0,0,0,0,0,0,0,No
10285,1,303,22,2,18,0,0,0,1,0,0,1,0,0,0,No
10293,1,46,8,1,8,0,0,0,0,0,0,0,0,0,0,No
10314,1,282,28,7,10,0,2,1,1,1,1,0,0,0,0,No
10351,1,192,38,6,18,1,0,3,1,0,0,1,0,0,0,No
10356,0,233,14,2,8,1,0,0,0,0,0,0,0,0,0,No
10365,1,359,78,12,12,2,1,2,1,2,1,2,1,1,1,No
10370,1,300,18,2,12,1,0,0,0,0,0,0,0,0,0,No
10372,1,154,36,8,16,3,2,0,0,1,2,0,0,0,0,No
10392,1,187,38,11,6,2,0,3,2,0,0,1,1,0,0,Yes
10414,1,268,16,2,12,1,0,0,0,0,0,0,0,0,0,No
10444,1,156,18,2,16,0,0,1,0,1,0,0,0,0,0,No
10447,1,226,2,1,2,0,0,0,0,0,0,0,0,0,0,No
10449,1,299,28,6,12,1,0,2,1,0,1,0,1,0,1,No
10459,0,323,44,6,16,0,1,1,0,2,2,0,0,0,0,No
10477,1,133,12,2,6,0,0,0,0,0,0,0,0,0,0,No
10529,1,310,36,2,30,0,0,0,1,0,1,0,0,0,0,Yes
10530,1,27,20,1,20,0,0,0,0,0,0,1,0,0,0,No
10552,1,364,42,9,2,1,1,0,2,0,0,0,0,0,0,No
10577,1,167,14,2,8,1,0,0,0,0,0,0,0,0,0,Yes
10591,0,72,10,1,10,0,0,0,0,0,0,0,0,0,0,No
10592,1,41,2,1,2,0,0,0,0,0,0,0,0,0,0,No
10654,0,207,60,11,4,1,1,3,1,2,0,0,1,2,0,No
10656,1,313,62,12,16,2,3,0,1,2,1,3,0,0,0,No
10689,1,127,12,3,2,0,0,0,0,0,0,0,0,0,0,No
10696,1,220,6,2,2,0,0,0,0,0,0,0,0,0,0,No
10700,0,116,20,2,14,1,0,1,0,0,0,0,1,0,0,No
10728,1,332,42,7,8,3,0,1,0,0,1,1,1,0,1,No
10740,1,51,36,1,36,0,0,0,1,0,0,0,0,0,0,No
10741,1,239,16,1,16,1,0,0,0,0,0,0,0,0,0,No
10744,1,72,8,1,8,0,0,0,0,0,0,0,0,0,0,No
10749,1,362,20,6,2,1,0,0,0,0,0,1,0,0,0,No
10780,1,97,12,2,6,0,0,0,0,0,0,0,0,0,0,No
10783,0,86,2,1,2,0,0,0,0,0,0,0,0,0,0,No
10786,0,291,40,7,4,0,2,0,1,0,1,0,0,0,0,Yes
10800,1,262,80,10,28,3,0,2,3,0,1,1,1,0,1,No
10806,1,415,60,9,12,1,0,2,2,1,2,0,0,0,0,No
10811,1,177,14,1,14,0,0,1,0,0,0,0,0,0,0,No
10812,1,174,28,4,14,2,0,0,1,0,1,0,0,0,0,No
10829,0,318,44,7,4,0,1,2,1,1,1,0,1,1,1,No
10835,1,235,52,10,2,2,2,2,0,0,0,2,0,0,0,Yes
10844,0,72,20,4,8,0,1,1,0,1,0,0,0,0,0,No
10850,1,193,82,11,34,5,0,3,0,0,2,1,1,0,2,No
10869,0,273,12,4,2,0,0,0,0,0,0,0,0,0,0,No
10909,1,375,38,9,8,2,1,0,1,1,1,1,0,0,0,No
10915,1,52,10,2,8,0,0,0,0,0,0,0,0,0,0,No
10918,0,338,54,8,6,1,2,2,1,0,1,0,1,0,0,No
10928,1,95,40,2,32,0,0,0,1,0,1,0,0,0,1,No
10934,1,203,4,2,2,0,0,0,0,0,0,0,0,0,0,No
10935,1,152,18,2,12,0,1,0,0,0,0,0,0,0,0,No
10950,0,270,6,2,4,0,0,0,0,0,0,0,0,0,0,Yes
10952,1,202,72,12,4,1,1,0,1,2,2,0,0,0,0,Yes
10955,0,293,10,1,10,0,0,0,0,0,0,0,0,0,0,No
10957,1,263,20,2,12,0,0,1,0,0,0,0,0,0,0,No
10964,1,175,68,11,14,2,3,3,2,1,0,0,0,0,0,No
11007,1,39,30,1,30,0,0,1,0,0,0,0,0,0,0,No
11009,1,94,10,1,10,0,0,0,0,0,0,0,0,0,0,No
11050,0,334,26,7,2,0,0,3,1,0,0,0,1,0,0,No
11055,1,329,6,2,2,0,0,0,0,0,0,0,0,0,0,No
11061,0,313,20,2,12,0,0,1,0,0,0,0,0,0,0,No
11076,0,54,16,1,16,0,0,0,0,0,1,0,0,0,0,No
11097,1,305,30,1,30,0,0,0,0,1,0,0,0,0,0,No
11113,1,101,22,2,16,0,0,1,0,1,0,0,0,0,0,No
11124,1,347,60,9,20,1,2,2,1,2,1,0,0,0,0,No
11133,1,71,4,2,2,0,0,0,0,0,0,0,0,0,0,No
11186,1,152,4,1,4,0,0,0,0,0,0,0,0,0,0,No
11216,1,179,34,3,16,0,1,2,0,0,0,0,0,0,0,No
11220,0,23,14,1,14,0,0,0,0,1,0,0,0,0,0,No
11234,0,337,66,10,10,3,1,2,0,0,1,2,0,0,0,No
11289,0,160,22,5,6,0,0,1,1,0,0,0,0,0,0,No
11294,1,116,46,5,20,0,1,2,0,1,1,0,1,0,0,No
11295,1,135,22,4,8,0,0,2,0,0,1,0,0,0,0,No
11314,1,298,10,1,10,0,0,0,0,0,0,0,0,0,0,No
11315,0,316,72,8,26,1,1,1,1,1,2,1,0,0,0,Yes
11370,1,293,12,2,8,0,0,0,0,0,0,0,0,0,0,No
11396,1,269,32,5,10,2,0,1,0,0,0,0,0,0,0,No
11401,1,258,10,2,6,0,0,0,0,0,0,0,0,0,0,No
11406,0,397,50,9,10,0,1,2,0,0,3,2,0,0,0,Yes
11434,1,199,18,2,14,0,0,0,1,0,1,0,0,0,0,No
11455,1,234,2,1,2,0,0,0,0,0,0,0,0,0,0,No
11457,1,46,14,2,10,1,0,0,0,0,0,0,0,0,0,No
11461,1,41,10,2,2,0,0,0,0,0,0,0,0,0,0,No
11484,1,34,14,1,14,0,0,0,0,1,0,0,0,0,0,No
11491,1,216,18,2,16,1,0,0,0,0,0,1,0,0,0,No
11495,1,240,10,1,10,0,0,0,0,0,0,0,0,0,0,No
11499,1,107,22,1,22,0,0,0,0,0,0,1,0,0,0,No
11520,1,199,50,5,22,0,1,2,0,0,1,1,0,0,0,No
11536,0,395,36,11,10,4,2,1,0,0,0,1,1,0,0,No
11551,1,81,10,2,4,0,0,0,0,0,0,0,0,0,0,Yes
11558,1,281,8,2,2,0,0,0,0,0,0,0,0,0,0,No
11572,1,222,8,1,8,0,0,0,0,0,0,0,0,0,0,No
11584,1,73,14,1,14,0,0,1,0,0,0,0,0,0,0,No
11586,0,206,64,11,14,2,1,3,2,1,1,1,2,0,0,No
11588,1,215,12,1,12,0,0,0,0,0,0,0,0,0,0,No
11592,1,140,14,2,10,0,1,0,0,0,0,0,0,0,0,No
11617,1,99,32,4,14,2,0,1,1,0,0,0,0,0,0,No
11622,1,83,16,1,16,0,0,1,0,0,0,0,0,0,0,No
11635,1,156,32,6,14,2,0,1,1,2,0,0,0,0,0,No
11655,1,77,4,1,4,0,0,0,0,0,0,0,0,0,0,No
11682,1,275,20,3,14,1,0,2,0,0,0,0,1,0,0,No
11685,0,314,62,7,28,0,1,4,0,1,1,0,0,0,0,No
11697,1,289,60,12,12,1,2,3,1,2,1,1,0,0,0,No
11702,1,256,32,9,10,0,1,2,3,0,0,0,0,0,0,No
11712,1,140,6,1,6,0,0,0,0,0,0,0,0,0,0,No
11720,1,267,20,2,16,1,0,0,0,0,1,0,0,0,0,No
11726,0,265,10,2,2,0,0,0,0,0,0,0,0,0,0,No
11727,1,100,20,2,16,1,0,0,1,0,0,0,0,0,0,No
11734,1,326,6,2,4,0,0,0,0,0,0,0,0,0,0,No
11740,1,197,6,1,6,0,0,0,0,0,0,0,0,0,0,No
11741,0,243,78,11,14,3,1,5,0,0,2,0,1,0,1,No
11750,1,343,58,11,10,3,2,2,0,1,0,2,0,0,0,No
11753,1,152,36,6,14,2,0,0,2,0,0,2,0,0,0,No
11797,1,302,8,1,8,0,0,0,0,0,0,0,0,0,0,No
11811,0,281,40,11,16,0,1,2,3,2,2,1,0,0,0,No
11815,1,178,14,2,10,1,0,0,0,0,0,0,0,0,0,No
11826,0,39,4,1,4,0,0,0,0,0,0,0,0,0,0,No
11858,1,335,72,12,10,2,1,1,2,1,2,2,0,0,0,Yes
11877,1,80,34,1,34,0,0,0,0,0,0,1,0,0,0,No
11888,1,65,14,1,14,1,0,0,0,0,0,0,0,0,0,No
11889,1,366,36,9,10,0,1,4,0,1,0,1,0,0,0,No
11896,1,429,74,11,14,2,1,3,2,1,1,1,0,0,0,No
11901,1,161,4,1,4,0,0,0,0,0,0,0,0,0,0,No
11923,1,121,36,6,16,0,2,2,2,0,0,0,1,0,0,No
11937,1,140,6,1,6,0,0,0,0,0,0,0,0,0,0,No
11943,1,274,24,2,16,0,0,1,0,0,1,0,0,0,0,No
11960,1,43,4,2,2,0,0,0,0,0,0,0,0,0,0,Yes
11965,1,62,12,2,8,0,0,0,0,0,0,0,0,0,0,No
11967,0,165,16,2,14,1,0,0,1,0,0,0,0,0,0,No
11994,0,293,14,2,12,1,0,0,0,0,0,0,0,0,0,No
12000,0,270,4,1,4,0,0,0,0,0,0,0,0,0,0,No
12006,1,132,62,5,34,2,0,3,0,0,0,0,0,0,0,No
12008,1,131,38,5,12,1,0,2,0,0,1,0,0,0,0,No
12011,1,274,52,7,20,3,0,1,2,1,0,0,0,0,0,No
12014,0,263,10,1,10,0,0,0,0,0,0,0,0,0,0,No
12018,1,204,60,12,14,4,1,3,1,0,1,2,2,0,0,No
12020,1,218,26,11,2,2,1,1,1,0,0,0,0,0,0,No
12088,1,145,8,2,4,0,0,0,0,0,0,0,0,0,0,No
12092,0,59,22,2,14,1,0,0,1,0,0,0,0,0,0,No
12106,1,199,12,1,12,0,0,0,0,0,0,0,0,0,0,No
12108,1,126,28,5,4,3,0,1,0,0,0,0,0,0,0,No
12142,0,415,70,10,16,3,1,1,1,1,0,3,0,0,0,No
12149,0,267,34,9,10,2,0,2,1,1,0,2,0,0,0,Yes
12161,0,124,2,1,2,0,0,0,0,0,0,0,0,0,0,No
12166,1,254,26,3,12,0,1,1,0,0,0,0,0,0,0,No
12190,0,128,20,2,14,0,0,0,0,1,0,0,0,0,0,No
12202,1,250,68,12,34,1,1,1,1,2,1,5,0,0,0,No
12205,0,215,10,1,10,0,0,0,0,0,0,0,0,0,0,No
12232,1,128,24,6,10,0,0,1,1,1,0,1,0,0,0,No
12262,0,214,8,2,2,0,0,0,0,0,0,0,0,0,0,No
12267,1,304,10,1,10,0,0,0,0,0,0,0,0,0,0,No
12271,0,160,10,3,4,0,0,0,0,0,0,0,0,0,0,No
12298,1,224,36,6,10,2,0,1,1,0,1,0,0,0,0,No
12309,0,444,60,12,2,2,1,3,1,1,2,0,1,0,0,No
12320,1,65,14,1,14,0,0,0,0,0,0,0,0,0,0,No
12338,1,280,22,2,14,1,0,1,0,0,0,0,0,0,0,No
12344,0,296,44,6,10,1,0,2,1,1,0,0,1,0,0,No
12348,0,192,16,2,8,0,0,1,0,0,0,0,0,0,0,Yes
12359,0,279,12,1,12,0,0,0,0,0,0,0,0,0,0,No
12365,1,236,14,1,14,0,1,0,0,0,0,0,0,0,0,No
12366,1,270,36,4,16,2,1,1,0,0,0,0,0,0,0,No
12384,0,252,16,2,14,1,0,1,0,0,0,0,0,0,0,No
12388,0,225,30,1,30,1,0,0,0,0,0,0,0,0,0,No
12394,1,147,14,1,14,0,0,0,0,0,1,0,0,0,0,Yes
12407,0,188,30,2,28,0,1,1,0,0,0,0,0,0,0,No
12424,1,23,10,1,10,0,0,0,0,0,0,0,0,0,0,No
12427,1,43,22,2,16,1,0,0,0,1,0,0,0,0,0,No
12428,0,194,22,6,10,0,0,1,0,2,0,0,1,1,0,Yes
